[
  {
    "query_idx": 3146,
    "query": "How many dispenser water bottles are on the end of the stairs?",
    "pred_start": 0.0,
    "pred_end": 3.75,
    "gt_start": 0.0,
    "gt_end": 3.74812,
    "clip_uid": "6dd27c16-8717-4a64-8921-a6ebc7cdfb3d",
    "video_uid": "8717d09f-391c-4203-8e6c-7fa1f035cdda",
    "tIoU": 0.9994986666666666,
    "answer": "There are five dispenser water bottles on the end of the stairs."
  },
  {
    "query_idx": 81,
    "query": "How many potatoes did I peel?",
    "pred_start": 41.25,
    "pred_end": 191.25,
    "gt_start": 41.8312186,
    "gt_end": 193.2794786,
    "clip_uid": "38a0d090-c67f-4197-b2a6-65cb56c356c5",
    "video_uid": "50b2fa2f-9d39-4b9c-8e3c-4a4ef0669956",
    "tIoU": 0.9828276908923109,
    "answer": "I peeled two potatoes."
  },
  {
    "query_idx": 1776,
    "query": "where did i put my phone?",
    "pred_start": 0.0,
    "pred_end": 7.5,
    "gt_start": 0.0210286,
    "gt_end": 7.828028600000001,
    "clip_uid": "ab094ea2-9251-4f10-945b-c2ab00c5282e",
    "video_uid": "fb7cc35d-3272-44a4-b8f2-15cd24fa345b",
    "tIoU": 0.9554093095674177,
    "answer": "I put it in the corner of the kitchen counter."
  },
  {
    "query_idx": 3830,
    "query": "In what location did I last see the chair?",
    "pred_start": 0.0,
    "pred_end": 11.708333969116211,
    "gt_start": 0.0210286,
    "gt_end": 11.109448599999999,
    "clip_uid": "eb9c6cc3-8192-4c28-96cd-df5ac1812e3e",
    "video_uid": "145881ef-5578-460d-bb5a-6fb80ef7d457",
    "tIoU": 0.9470536140537674,
    "answer": "I last saw the chair by the wall in a dark room."
  },
  {
    "query_idx": 2620,
    "query": "Where did I wash the rice?",
    "pred_start": 41.25,
    "pred_end": 142.5,
    "gt_start": 38.0735586,
    "gt_end": 145.4772486,
    "clip_uid": "49931037-b822-4c7b-baf4-4626c1e6b6ea",
    "video_uid": "7f4225ed-a076-4530-91cf-f3903c5d7637",
    "tIoU": 0.942705041139648,
    "answer": "I washed the rice in a bowl in the sink."
  },
  {
    "query_idx": 2211,
    "query": "Where was the egg before I picked it?",
    "pred_start": 11.25,
    "pred_end": 15.0,
    "gt_start": 11.0210286,
    "gt_end": 15.0210286,
    "clip_uid": "4ba774a8-cd2a-4889-9971-cc91f5c1afd4",
    "video_uid": "86343e9e-b932-41d3-ad6f-83f2c2fe5486",
    "tIoU": 0.9375,
    "answer": "The egg was in the refrigerator."
  },
  {
    "query_idx": 779,
    "query": "What chopping board did I wash?",
    "pred_start": 0.0,
    "pred_end": 3.75,
    "gt_start": 0.0210286,
    "gt_end": 4.0210286,
    "clip_uid": "d7b8f461-db42-4365-9f89-83f923528293",
    "video_uid": "9f28e782-417c-4c8b-a7ae-42fc96a0e94f",
    "tIoU": 0.9273675397384639,
    "answer": "I washed the white chopping board."
  },
  {
    "query_idx": 1792,
    "query": "Where was the plate before I took it?",
    "pred_start": 270.0,
    "pred_end": 273.75,
    "gt_start": 270.0210286,
    "gt_end": 274.0210286,
    "clip_uid": "ec4a3ba3-eb00-4aa8-9b41-36043ece98f7",
    "video_uid": "b737cd68-4e0d-440a-9813-a6c90080fac5",
    "tIoU": 0.9273675397384532,
    "answer": "The plate was in the cupboard." 
  },
  {
    "query_idx": 3489,
    "query": "What did I add to the food?",
    "pred_start": 41.25,
    "pred_end": 56.25,
    "gt_start": 42.0854486,
    "gt_end": 55.8576386,
    "clip_uid": "2276090d-3aab-4a4f-afbe-dcc083604160",
    "video_uid": "224c3de4-9683-462a-8eb4-224773425a7e",
    "tIoU": 0.9181460000000001,
    "answer": "I added a spoon of sauce to the food."
  },
  {
    "query_idx": 1777,
    "query": "what time did i open the fridge?",
    "pred_start": 15.0,
    "pred_end": 41.25,
    "gt_start": 16.663168600000002,
    "gt_end": 40.1740286,
    "clip_uid": "ab094ea2-9251-4f10-945b-c2ab00c5282e",
    "video_uid": "fb7cc35d-3272-44a4-b8f2-15cd24fa345b",
    "tIoU": 0.8956518095238094,
    "answer": "I opened the fridge at 10:30."
  },
  {
    "query_idx": 1839,
    "query": "What vegetable did i chop on the chopping board?",
    "pred_start": 191.25,
    "pred_end": 206.25,
    "gt_start": 190.04308,
    "gt_end": 206.95642,
    "clip_uid": "cab983c1-d36e-4afa-8116-1e2bde4a4a4c",
    "video_uid": "182dffe9-d2bf-4a7d-b1d8-137470f0143d",
    "tIoU": 0.8868739113622736,
    "answer": "I chopped a celery stalk on the chopping board."
  },
  {
    "query_idx": 2625,
    "query": "In what location did I washed the celery vegetables?",
    "pred_start": 262.5,
    "pred_end": 318.75,
    "gt_start": 265.4234786,
    "gt_end": 323.2151786,
    "clip_uid": "49931037-b822-4c7b-baf4-4626c1e6b6ea",
    "video_uid": "7f4225ed-a076-4530-91cf-f3903c5d7637",
    "tIoU": 0.8783062593181599,
    "answer": "I washed the celery vegetables in the sink."
  },
  {
    "query_idx": 1146,
    "query": "where was the machine before I opened the door?",
    "pred_start": 0.0,
    "pred_end": 3.75,
    "gt_start": 0.0,
    "gt_end": 4.33558,
    "clip_uid": "c0a634a9-3dbe-44f8-9a04-7718d2a2762e",
    "video_uid": "18a3840b-7463-43c4-9aa9-b1d8e486fa84",
    "tIoU": 0.8649361792424543,
    "answer": "The machine was on the carpet before I opened the door."
  },
  {
    "query_idx": 110,
    "query": "Did I slice the okro?",
    "pred_start": 337.5,
    "pred_end": 360.0,
    "gt_start": 340.0825586,
    "gt_end": 360.69437860000005,
    "clip_uid": "e1c79556-e8af-4e26-bc4c-633100277239",
    "video_uid": "4ce119de-0f42-4bd1-b387-9e19643fdddc",
    "tIoU": 0.8587184741392438,
    "answer": "Yes, I sliced the okro."
  },
  {
    "query_idx": 1254,
    "query": "Where was the plier before I picked it?",
    "pred_start": 187.5,
    "pred_end": 191.25,
    "gt_start": 187.65748,
    "gt_end": 190.83699,
    "clip_uid": "5e1a8326-b006-423e-8294-0f9559c8eb18",
    "video_uid": "180b72fa-2102-414e-a6d5-2806e53f320c",
    "tIoU": 0.8478693333333316,
    "answer": "The plier was in the a drawer before I picked it up."
  },
  {
    "query_idx": 1046,
    "query": "Where was the green electric drill?",
    "pred_start": 0.0,
    "pred_end": 480.0,
    "gt_start": 6.50545,
    "gt_end": 408.3971,
    "clip_uid": "eaf8d34a-0e20-45d0-a288-569df047461e",
    "video_uid": "805989f6-0696-4de2-ad9b-0f194e0ac48d",
    "tIoU": 0.8372742708333334,
    "answer": "The green electric drill was on the ground."
  },
  {
    "query_idx": 3215,
    "query": "What tool did I use on the machine first ",
    "pred_start": 0.0,
    "pred_end": 22.5,
    "gt_start": 0.0,
    "gt_end": 27.4542,
    "clip_uid": "b8654118-84a4-4167-83c9-f268cc15f7b2",
    "video_uid": "f681f510-cd33-48e3-bc10-4a8f2a518495",
    "tIoU": 0.8195467360185327,
    "answer": "The tool I used on the machine first is an green electric drill."
  },
  {
    "query_idx": 127,
    "query": "Where did I put the cabbage?",
    "pred_start": 15.0,
    "pred_end": 45.0,
    "gt_start": 20.315558600000003,
    "gt_end": 45.2690286,
    "clip_uid": "efc190a8-45de-4ce5-b480-b722403bcec1",
    "video_uid": "ff6d3d52-dda5-46dd-8515-b9b772933030",
    "tIoU": 0.8155016048318114,
    "answer": "I put the cabbage in the refrigerator drawer."
  },
  {
    "query_idx": 2150,
    "query": "what dough did i cut?",
    "pred_start": 330.0,
    "pred_end": 341.25,
    "gt_start": 328.93754,
    "gt_end": 340.0,
    "clip_uid": "bccc3bde-d9b2-4edb-9b1f-a3f42dd07b3e",
    "video_uid": "3534864b-2289-4aaf-b3ed-10eeeee7acd2",
    "tIoU": 0.812185379688544,
    "answer": "I cut the bread dough."
  },
  {
    "query_idx": 324,
    "query": "What vegetable did I cut",
    "pred_start": 75.0,
    "pred_end": 90.0,
    "gt_start": 74.4447086,
    "gt_end": 92.9393686,
    "clip_uid": "9a13aee2-0dca-49f8-968f-8f53c5a62963",
    "video_uid": "056db3f1-f957-46c8-b16b-c8fce22e78f9",
    "tIoU": 0.811044917830336,
    "answer": "I cut romaine lettuce."
  },
  {
    "query_idx": 754,
    "query": "Where did I put the wire?",
    "pred_start": 0.0,
    "pred_end": 3.75,
    "gt_start": 0.0,
    "gt_end": 3.0,
    "clip_uid": "2bbc6cdf-b662-498e-9a9f-231dd5ac2a9e",
    "video_uid": "80f3dd0d-6ad9-4691-9de5-dc01a834bc0a",
    "tIoU": 0.8,
    "answer": "I put the wire on a black case."
  },
  {
    "query_idx": 3499,
    "query": "Who did I interact with when I was standing?",
    "pred_start": 0.0,
    "pred_end": 3.75,
    "gt_start": 0.0,
    "gt_end": 3.0,
    "clip_uid": "725162f4-4636-469e-b880-829a2ad58c8a",
    "video_uid": "e4a01f13-4f09-4ee4-ae13-17af72eaca87",
    "tIoU": 0.8,
    "answer": "I inteacted with a person wearing a black shirt."
  },
  {
    "query_idx": 78,
    "query": "what did I pick from the fridge?",
    "pred_start": 307.5,
    "pred_end": 318.75,
    "gt_start": 308.65542860000005,
    "gt_end": 317.65502860000004,
    "clip_uid": "38a0d090-c67f-4197-b2a6-65cb56c356c5",
    "video_uid": "50b2fa2f-9d39-4b9c-8e3c-4a4ef0669956",
    "tIoU": 0.7999644444444433,
    "answer": "I picked a plastic packet from the refrigerator"
  },
  {
    "query_idx": 2282,
    "query": "What food did I eat?",
    "pred_start": 0.0,
    "pred_end": 15.0,
    "gt_start": 0.0410286,
    "gt_end": 19.2320286,
    "clip_uid": "1731de62-b1b9-4b84-bd55-412cd67e9b3c",
    "video_uid": "30b9ff64-51c8-4481-ba6a-733ea2060aef",
    "tIoU": 0.7778155758358221,
    "answer": "I ate a bowl of lentils."
  },
  {
    "query_idx": 663,
    "query": "What kitchen tool did I cut the springer onions with?",
    "pred_start": 7.5,
    "pred_end": 18.75,
    "gt_start": 8.9935686,
    "gt_end": 17.5326486,
    "clip_uid": "3231822a-fc8b-4207-b0b8-5cbb1344cb2f",
    "video_uid": "a4728450-c05c-4d51-91e4-348f571d74bc",
    "tIoU": 0.7590293333333336,
    "answer": "I cut the springer onions with a knife."
  },
  {
    "query_idx": 289,
    "query": "Where was the sachet before I picked it up?",
    "pred_start": 247.5,
    "pred_end": 251.25,
    "gt_start": 247.78665859999998,
    "gt_end": 250.5770286,
    "clip_uid": "00d9a297-d967-4d28-8e5a-6b891814ec65",
    "video_uid": "dc6c33a2-49ca-4046-bbce-34422b8b7836",
    "tIoU": 0.7440986666666731,
    "answer": "The sachet was in a drawer before I picked it up."
  },
  {
    "query_idx": 2767,
    "query": "How much oil did I put in the pot?",
    "pred_start": 202.5,
    "pred_end": 206.25,
    "gt_start": 203.2325586,
    "gt_end": 206.6642886,
    "clip_uid": "0ca4506c-962d-4cf1-aa6d-f8222f53dee6",
    "video_uid": "12946f28-5f4a-4ba5-8296-c08cbeeca501",
    "tIoU": 0.7245994910151043,
    "answer": "I put a tablespoon of oil in the pot."
  },
  {
    "query_idx": 1653,
    "query": "Where did I put the bucket?",
    "pred_start": 311.25,
    "pred_end": 315.0,
    "gt_start": 311.15329,
    "gt_end": 314.0,
    "clip_uid": "7c34ddc3-9bd7-4266-b6e8-173b7392e49c",
    "video_uid": "0c6ab491-c45e-4cbc-b6b2-a709cc856a9c",
    "tIoU": 0.7148966259478929,
    "answer": "I put the bucket on a pallet."
  },
  {
    "query_idx": 3484,
    "query": "How many plates did I pick?",
    "pred_start": 300.0,
    "pred_end": 303.75,
    "gt_start": 301.04769860000005,
    "gt_end": 303.7177686,
    "clip_uid": "2276090d-3aab-4a4f-afbe-dcc083604160",
    "video_uid": "224c3de4-9683-462a-8eb4-224773425a7e",
    "tIoU": 0.7120186666666541,
    "answer": "I picked one plate."
  },
  {
    "query_idx": 3838,
    "query": "What vegetable did I put in the pot?",
    "pred_start": 110.05833435058594,
    "pred_end": 112.4000015258789,
    "gt_start": 109.6669886,
    "gt_end": 112.97002859999999,
    "clip_uid": "eb9c6cc3-8192-4c28-96cd-df5ac1812e3e",
    "video_uid": "145881ef-5578-460d-bb5a-6fb80ef7d457",
    "tIoU": 0.7089430268155916,
    "answer": "I put green onion in the pot."
  },
  {
    "query_idx": 80,
    "query": "How many stainless bowls did I pick?",
    "pred_start": 3.75,
    "pred_end": 7.5,
    "gt_start": 3.4060886000000004,
    "gt_end": 8.7148586,
    "clip_uid": "38a0d090-c67f-4197-b2a6-65cb56c356c5",
    "video_uid": "50b2fa2f-9d39-4b9c-8e3c-4a4ef0669956",
    "tIoU": 0.7063783136206693,
    "answer": "I picked two stainless bowls."
  },
  {
    "query_idx": 763,
    "query": "Where did I put the phone?",
    "pred_start": 0.0,
    "pred_end": 82.5,
    "gt_start": 6.43822,
    "gt_end": 108.37443,
    "clip_uid": "2bbc6cdf-b662-498e-9a9f-231dd5ac2a9e",
    "video_uid": "80f3dd0d-6ad9-4691-9de5-dc01a834bc0a",
    "tIoU": 0.7018424918128751,
    "answer": "I put the phone on a pillar."
  },
  {
    "query_idx": 442,
    "query": "Where did I put the empty polythene package?",
    "pred_start": 281.25,
    "pred_end": 285.0,
    "gt_start": 281.0210286,
    "gt_end": 284.0210286,
    "clip_uid": "1cac2aa7-4f65-4a50-88b9-e1f6e5c927f8",
    "video_uid": "d13aa822-29de-428a-bdf4-f4d6ec4a22e0",
    "tIoU": 0.6964183256004398,
    "answer": "I put the empty polythere package in a plastic bag."
  },
  {
    "query_idx": 1226,
    "query": "where did i see the sieve before i picked it up",
    "pred_start": 191.25,
    "pred_end": 195.0,
    "gt_start": 191.0210286,
    "gt_end": 194.0210286,
    "clip_uid": "b2e24b02-4d9e-436e-8557-fe02b75c9f5f",
    "video_uid": "7f70ae0a-d097-4dda-9afa-318188dfce2d",
    "tIoU": 0.6964183256004277,
    "answer": "I saw the sieve in the drawer before I picked it up"
  },
  {
    "query_idx": 54,
    "query": "Where were the apples before I put them in the fry pan?",
    "pred_start": 0.0,
    "pred_end": 3.75,
    "gt_start": 1.0210286,
    "gt_end": 4.0210286,
    "clip_uid": "ac556354-22a5-4aee-a678-90aef12e0b4c",
    "video_uid": "d0230ced-05b0-4cf0-93cb-e5ba78f36047",
    "tIoU": 0.6786749539657588,
    "answer": "The apples were on the cutting board before I put them in the fry pan."
  },
  {
    "query_idx": 3038,
    "query": "In what location did I see the  remote control",
    "pred_start": 0.0,
    "pred_end": 3.75,
    "gt_start": -0.012304733333333331,
    "gt_end": 5.517695266666667,
    "clip_uid": "94a22280-a8e2-4645-8167-97775aa1d59d",
    "video_uid": "0475a0b9-9445-4083-8c6a-42f0171ff3e4",
    "tIoU": 0.6781193490054249,
    "answer": "I saw the remote control on the sofa."
  },
  {
    "query_idx": 1297,
    "query": "Where did I put the plastic plate?",
    "pred_start": 135.0,
    "pred_end": 138.75,
    "gt_start": 135.5017786,
    "gt_end": 139.8110286,
    "clip_uid": "0edc229a-eb4a-473c-b66b-550c19eecd42",
    "video_uid": "d88d4e54-5e5e-4c08-9a87-80958f9e4ec1",
    "tIoU": 0.6751615236708456,
    "answer": "I put the plastic plate in the bin."
  },
  {
    "query_idx": 1233,
    "query": "What did I put in the sieve?",
    "pred_start": 337.5,
    "pred_end": 345.0,
    "gt_start": 338.9846886,
    "gt_end": 344.0210286,
    "clip_uid": "b2e24b02-4d9e-436e-8557-fe02b75c9f5f",
    "video_uid": "7f70ae0a-d097-4dda-9afa-318188dfce2d",
    "tIoU": 0.6715119999999994,
    "answer": "I put the asparagus in the sieve."
  },
  {
    "query_idx": 2143,
    "query": "How many doughs did i apply egg on?",
    "pred_start": 15.0,
    "pred_end": 75.0,
    "gt_start": 17.98124,
    "gt_end": 58.0,
    "clip_uid": "bccc3bde-d9b2-4edb-9b1f-a3f42dd07b3e",
    "video_uid": "3534864b-2289-4aaf-b3ed-10eeeee7acd2",
    "tIoU": 0.6669793333333334,
    "answer": "I applied egg on ten doughs."
  },
  { 
    "query_idx": 3428,
    "query": "Where was the spoon before I picked it?",
    "pred_start": 0.0,
    "pred_end": 7.5,
    "gt_start": 0.0210286,
    "gt_end": 5.0210286,
    "clip_uid": "d2b7d331-4617-45db-a339-80afb7e25741",
    "video_uid": "8b9b9816-d6eb-4544-818e-9d59e400b80d",
    "tIoU": 0.6666666666666666,
    "answer": "The spoon was in the drawer before I picked it."
  },
  {
    "query_idx": 657,
    "query": "Did I wash the chopping board before putting a sachet on it?",
    "pred_start": 101.25,
    "pred_end": 105.0,
    "gt_start": 101.3962186,
    "gt_end": 106.79621859999999,
    "clip_uid": "3231822a-fc8b-4207-b0b8-5cbb1344cb2f",
    "video_uid": "a4728450-c05c-4d51-91e4-348f571d74bc",
    "tIoU": 0.649772693777344,
    "answer": "Yes, I washed the chopping board before putting a sachet on it."
  },
  {
    "query_idx": 2168,
    "query": "where is the screw driver?",
    "pred_start": 0.0,
    "pred_end": 3.75,
    "gt_start": 0.72185,
    "gt_end": 4.721,
    "clip_uid": "b1e046c0-54a7-4651-9993-3f73199ab2ff",
    "video_uid": "0066ab25-04ad-41b2-89ab-283d2bfa1c4b",
    "tIoU": 0.641421309044694,
    "answer": "The screw driver is on the table."
  },
  {
    "query_idx": 1304,
    "query": "In what location did I see my black sneakers?",
    "pred_start": 146.25,
    "pred_end": 150.0,
    "gt_start": 146.37601859999998,
    "gt_end": 151.90288859999998,
    "clip_uid": "0edc229a-eb4a-473c-b66b-550c19eecd42",
    "video_uid": "d88d4e54-5e5e-4c08-9a87-80958f9e4ec1",
    "tIoU": 0.6410848782691437,
    "answer": "I saw my black sneakers in front of the door."
  },
  {
    "query_idx": 1299,
    "query": "What did I pour in the frying pan?",
    "pred_start": 266.25,
    "pred_end": 273.75,
    "gt_start": 268.0550286,
    "gt_end": 272.75302860000005,
    "clip_uid": "0edc229a-eb4a-473c-b66b-550c19eecd42",
    "video_uid": "d88d4e54-5e5e-4c08-9a87-80958f9e4ec1",
    "tIoU": 0.6264000000000048,
    "answer": "I poured oil in the frying pan."
  },
  {
    "query_idx": 3863,
    "query": "What color of shirt was the woman in the room wearing?",
    "pred_start": 0.0,
    "pred_end": 3.75,
    "gt_start": 0.0,
    "gt_end": 6.01978,
    "clip_uid": "20452467-184f-4160-9504-b83db092b9f6",
    "video_uid": "8ff25fe1-3a42-4449-bd91-b3ac2adf9143",
    "tIoU": 0.6229463535212251,
    "answer": "The woman in the room was wearing a white shirt."
  },
  {
    "query_idx": 3707,
    "query": "What did I put in the kettle?",
    "pred_start": 7.5,
    "pred_end": 15.0,
    "gt_start": 8.859793079166666,
    "gt_end": 17.457703079166667,
    "clip_uid": "eaa17b24-b9df-468e-b682-6fabc0ff4408",
    "video_uid": "0de39e75-fb19-47d4-818d-fff874b05ab9",
    "tIoU": 0.6166288422156078,
    "answer": "I put water in the kettle."
  },
  {
    "query_idx": 3736,
    "query": "Did I stir the paint?",
    "pred_start": 393.75,
    "pred_end": 480.0,
    "gt_start": 427.21708,
    "gt_end": 480.034,
    "clip_uid": "791939cc-4ec2-456f-bf54-4b375ede4b79",
    "video_uid": "7c5eb718-99b2-48ac-bb1c-ef0158a6361b",
    "tIoU": 0.6117347364517175,
    "answer": "Yes, I stirred the paint."
  },
  {
    "query_idx": 2968,
    "query": "What color is the hammer?",
    "pred_start": 0.0,
    "pred_end": 45.0,
    "gt_start": 0.33,
    "gt_end": 27.713,
    "clip_uid": "a611f8f9-a866-4b40-a9c6-34175a62f178",
    "video_uid": "624a6c0a-a4cb-4073-b501-48e4b6b679e4",
    "tIoU": 0.6085111111111112,
    "answer": "The hammer is green."
  },
  {
    "query_idx": 426,
    "query": "Where did I put the metal tongue and groove plier?",
    "pred_start": 386.25,
    "pred_end": 390.0,
    "gt_start": 387.66700000000003,
    "gt_end": 390.16700000000003,
    "clip_uid": "eceaedd8-2560-441c-a084-214db47d509a",
    "video_uid": "bedaa131-deae-4279-9fd4-5b6ab552644c",
    "tIoU": 0.5956088843502558,
    "answer": "I put the metal tongue and groove plier on the ground."
  },
  {
    "query_idx": 65,
    "query": "Where was the butter before I picked it?",
    "pred_start": 172.5,
    "pred_end": 176.25,
    "gt_start": 172.9946286,
    "gt_end": 178.0210286,
    "clip_uid": "ac556354-22a5-4aee-a678-90aef12e0b4c",
    "video_uid": "d0230ced-05b0-4cf0-93cb-e5ba78f36047",
    "tIoU": 0.5896313234095554,
    "answer": "The butter was in the refrigerator before I picked it."
  }
]