[
  {
    "clip_name": "clip_0000.mp4",
    "query": "How many dispenser water bottles are on the end of the stairs?",
    "generated_answer": "There are two dispenser water bottles on the end of the stairs.",
    "ground_truth": "There are five dispenser water bottles on the end of the stairs."
  },
  {
    "clip_name": "clip_0001.mp4",
    "query": "How many potatoes did I peel?",
    "generated_answer": "The person peeled one potato.",
    "ground_truth": "I peeled two potatoes."
  },
  {
    "clip_name": "clip_0002.mp4",
    "query": "where did i put my phone?",
    "generated_answer": "The person is holding a cell phone in their hand.",
    "ground_truth": "I put it in the corner of the kitchen counter."
  },
  {
    "clip_name": "clip_0003.mp4",
    "query": "In what location did I last see the chair?",
    "generated_answer": "I last saw the chair in a dark room.",
    "ground_truth": "I last saw the chair by the wall in a dark room."
  },
  {
    "clip_name": "clip_0004.mp4",
    "query": "Where did I wash the rice?",
    "generated_answer": "You washed the rice in a sink.",
    "ground_truth": "I washed the rice in a bowl in the sink."
  },
  {
    "clip_name": "clip_0005.mp4",
    "query": "Where was the egg before I picked it?",
    "generated_answer": "The egg was in the refrigerator before you picked it.",
    "ground_truth": "The egg was in the refrigerator."
  },
  {
    "clip_name": "clip_0006.mp4",
    "query": "What chopping board did I wash?",
    "generated_answer": "The person washed a chopping board in the sink.",
    "ground_truth": "I washed the white chopping board."
  },
  {
    "clip_name": "clip_0007.mp4",
    "query": "Where was the plate before I took it?",
    "generated_answer": "The plate was in the refrigerator before you took it out.",
    "ground_truth": "The plate was in the cupboard."
  },
  {
    "clip_name": "clip_0008.mp4",
    "query": "What did I add to the food?",
    "generated_answer": "You added a spoonful of sauce to the food.",
    "ground_truth": "I added a spoon of sauce to the food."
  },
  {
    "clip_name": "clip_0009.mp4",
    "query": "what time did i open the fridge?",
    "generated_answer": "The person opened the fridge at 10:30.",
    "ground_truth": "I opened the fridge at 10:30."
  },
  {
    "clip_name": "clip_0010.mp4",
    "query": "What vegetable did i chop on the chopping board?",
    "generated_answer": "You chopped a piece of broccoli on the chopping board.",
    "ground_truth": "I chopped a celery stalk on the chopping board."
  },
  {
    "clip_name": "clip_0011.mp4",
    "query": "In what location did I washed the celery vegetables?",
    "generated_answer": "The person washed the celery vegetables in a sink.",
    "ground_truth": "I washed the celery vegetables in the sink."
  },
  {
    "clip_name": "clip_0012.mp4",
    "query": "where was the machine before I opened the door?",
    "generated_answer": "The machine was sitting on the floor before the door was opened.",
    "ground_truth": "The machine was on the carpet before I opened the door."
  },
  {
    "clip_name": "clip_0013.mp4",
    "query": "Did I slice the okro?",
    "generated_answer": "Yes, you sliced the okro.",
    "ground_truth": "Yes, I sliced the okro."
  },
  {
    "clip_name": "clip_0014.mp4",
    "query": "Where was the plier before I picked it?",
    "generated_answer": "The plier was on the ground before you picked it up.",
    "ground_truth": "The plier was in the a drawer before I picked it up."
  },
  {
    "clip_name": "clip_0015.mp4",
    "query": "Where was the green electric drill?",
    "generated_answer": "The green electric drill was on the ground next to the man.",
    "ground_truth": "The green electric drill was on the ground."
  },
  {
    "clip_name": "clip_0016.mp4",
    "query": "What tool did I use on the machine first ",
    "generated_answer": "The tool you used first on the machine is a wrench.",
    "ground_truth": "The tool I used on the machine first is an green electric drill."
  },
  {
    "clip_name": "clip_0017.mp4",
    "query": "Where did I put the cabbage?",
    "generated_answer": "The cabbage is placed in a bag on the refrigerator.",
    "ground_truth": "I put the cabbage in the refrigerator drawer."
  },
  {
    "clip_name": "clip_0018.mp4",
    "query": "what dough did i cut?",
    "generated_answer": "The person cut the dough into pieces.",
    "ground_truth": "I cut the bread dough."
  },
  {
    "clip_name": "clip_0019.mp4",
    "query": "What vegetable did I cut",
    "generated_answer": "You cut a cucumber.",
    "ground_truth": "I cut romaine lettuce."
  },
  {
    "clip_name": "clip_0020.mp4",
    "query": "Where did I put the wire?",
    "generated_answer": "The man is putting the wire into a hole in the wall.",
    "ground_truth": "I put the wire on a black case."
  },
  {
    "clip_name": "clip_0021.mp4",
    "query": "Who did I interact with when I was standing?",
    "generated_answer": "When you were standing, you interacted with a man who was wearing a black shirt.",
    "ground_truth": "I inteacted with a person wearing a black shirt."
  },
  {
    "clip_name": "clip_0022.mp4",
    "query": "what did I pick from the fridge?",
    "generated_answer": "The person in the video picked a bottle of sauce from the refrigerator.",
    "ground_truth": "I picked a plastic packet from the refrigerator"
  },
  {
    "clip_name": "clip_0023.mp4",
    "query": "What food did I eat?",
    "generated_answer": "You ate a bowl of cereal.",
    "ground_truth": "I ate a bowl of lentils."
  },
  {
    "clip_name": "clip_0024.mp4",
    "query": "What kitchen tool did I cut the springer onions with?",
    "generated_answer": "You cut the springer onions with a knife.",
    "ground_truth": "I cut the springer onions with a knife."
  },
  {
    "clip_name": "clip_0025.mp4",
    "query": "Where was the sachet before I picked it up?",
    "generated_answer": "The sachet was on the table before you picked it up.",
    "ground_truth": "The sachet was in a drawer before I picked it up."
  },
  {
    "clip_name": "clip_0026.mp4",
    "query": "How much oil did I put in the pot?",
    "generated_answer": "I put 1 tablespoon of oil in the pot.",
    "ground_truth": "I put a tablespoon of oil in the pot."
  },
  {
    "clip_name": "clip_0027.mp4",
    "query": "Where did I put the bucket?",
    "generated_answer": "The bucket is placed on the ground.",
    "ground_truth": "I put the bucket on a pallet."
  },
  {
    "clip_name": "clip_0028.mp4",
    "query": "How many plates did I pick?",
    "generated_answer": "You picked two plates from the dish drainer.",
    "ground_truth": "I picked one plate."
  },
  {
    "clip_name": "clip_0029.mp4",
    "query": "What vegetable did I put in the pot?",
    "generated_answer": "You put broccoli in the pot.",
    "ground_truth": "I put green onion in the pot."
  },
  {
    "clip_name": "clip_0030.mp4",
    "query": "How many stainless bowls did I pick?",
    "generated_answer": "I picked two stainless bowls.",
    "ground_truth": "I picked two stainless bowls."
  },
  {
    "clip_name": "clip_0031.mp4",
    "query": "Where did I put the phone?",
    "generated_answer": "The man is holding the phone in his hand while standing on the wooden floor.",
    "ground_truth": "I put the phone on a pillar."
  },
  {
    "clip_name": "clip_0032.mp4",
    "query": "Where did I put the empty polythene package?",
    "generated_answer": "The empty polythene package is placed on the stove.",
    "ground_truth": "I put the empty polythere package in a plastic bag."
  },
  {
    "clip_name": "clip_0033.mp4",
    "query": "where did i see the sieve before i picked it up",
    "generated_answer": "The sieve was seen in the sink before the person picked it up.",
    "ground_truth": "I saw the sieve in the drawer before I picked it up"
  },
  {
    "clip_name": "clip_0034.mp4",
    "query": "Where were the apples before I put them in the fry pan?",
    "generated_answer": "The apples were in a bag before you put them in the fry pan.",
    "ground_truth": "The apples were on the cutting board before I put them in the fry pan."
  },
  {
    "clip_name": "clip_0035.mp4",
    "query": "In what location did I see the  remote control",
    "generated_answer": "The remote control was seen on a glass table in the living room.",
    "ground_truth": "I saw the remote control on the sofa."
  },
  {
    "clip_name": "clip_0036.mp4",
    "query": "Where did I put the plastic plate?",
    "generated_answer": "The plastic plate is placed on the dishwasher.",
    "ground_truth": "I put the plastic plate in the bin."
  },
  {
    "clip_name": "clip_0037.mp4",
    "query": "What did I put in the sieve?",
    "generated_answer": "You put green onions in the sieve.",
    "ground_truth": "I put the asparagus in the sieve."
  },
  {
    "clip_name": "clip_0038.mp4",
    "query": "How many doughs did i apply egg on?",
    "generated_answer": "I applied egg on 12 doughs.",
    "ground_truth": "I applied egg on ten doughs."
  },
  {
    "clip_name": "clip_0039.mp4",
    "query": "Where was the spoon before I picked it?",
    "generated_answer": "The spoon was in the sink before you picked it up.",
    "ground_truth": "The spoon was in the drawer before I picked it."
  },
  {
    "clip_name": "clip_0040.mp4",
    "query": "Did I wash the chopping board before putting a sachet on it?",
    "generated_answer": "Yes, the person washed the chopping board before putting a sachet on it.",
    "ground_truth": "Yes, I washed the chopping board before putting a sachet on it."
  },
  {
    "clip_name": "clip_0041.mp4",
    "query": "where is the screw driver?",
    "generated_answer": "The screw driver is located on the ground next to the person's hand.",
    "ground_truth": "The screw driver is on the table."
  },
  {
    "clip_name": "clip_0042.mp4",
    "query": "In what location did I see my black sneakers?",
    "generated_answer": "I saw your black sneakers in the kitchen, where you were standing in front of the microwave.",
    "ground_truth": "I saw my black sneakers in front of the door."
  },
  {
    "clip_name": "clip_0043.mp4",
    "query": "What did I pour in the frying pan?",
    "generated_answer": "You poured oil into the frying pan.",
    "ground_truth": "I poured oil in the frying pan."
  },
  {
    "clip_name": "clip_0044.mp4",
    "query": "What color of shirt was the woman in the room wearing?",
    "generated_answer": "The woman in the room was wearing a black shirt.",
    "ground_truth": "The woman in the room was wearing a white shirt."
  },
  {
    "clip_name": "clip_0045.mp4",
    "query": "What did I put in the kettle?",
    "generated_answer": "The person in the image is putting a tea bag into the kettle.",
    "ground_truth": "I put water in the kettle."
  },
  {
    "clip_name": "clip_0046.mp4",
    "query": "Did I stir the paint?",
    "generated_answer": "Yes, you stirred the paint.",
    "ground_truth": "Yes, I stirred the paint."
  },
  {
    "clip_name": "clip_0047.mp4",
    "query": "What color is the hammer?",
    "generated_answer": "The hammer is yellow.",
    "ground_truth": "The hammer is green."
  },
  {
    "clip_name": "clip_0048.mp4",
    "query": "Where did I put the metal tongue and groove plier?",
    "generated_answer": "The metal tongue and groove plier is placed on the ground.",
    "ground_truth": "I put the metal tongue and groove plier on the ground."
  },
  {
    "clip_name": "clip_0049.mp4",
    "query": "Where was the butter before I picked it?",
    "generated_answer": "The butter was in the refrigerator before you picked it.",
    "ground_truth": "The butter was in the refrigerator before I picked it."
  }
]